abs,em,plqy,k
296.97757,343.28067,0.25377503,4.608009
